{"v":"5.5.7","meta":{"g":"LottieFiles AE 0.1.21","a":"","k":"","d":"","tc":"#FFFFFF"},"fr":60,"ip":0,"op":306,"w":512,"h":512,"nm":"Nettflix","ddd":0,"assets":[],"layers":[{"ddd":0,"ind":1,"ty":4,"nm":"Big N 1","sr":1,"ks":{"o":{"a":1,"k":[{"i":{"x":[0.667],"y":[1]},"o":{"x":[0.333],"y":[0]},"t":18,"s":[0]},{"i":{"x":[0.833],"y":[1]},"o":{"x":[0.167],"y":[0]},"t":28.666,"s":[100]},{"i":{"x":[1],"y":[1]},"o":{"x":[0.612],"y":[0]},"t":114,"s":[100]},{"t":142,"s":[0]}],"ix":11},"r":{"a":0,"k":0,"ix":10},"p":{"a":1,"k":[{"i":{"x":0.455,"y":1},"o":{"x":0.684,"y":0},"t":104,"s":[256,256,0],"to":[-24.667,0,0],"ti":[24.667,0,0]},{"t":154.74609375,"s":[108,256,0]}],"ix":2},"a":{"a":0,"k":[0.209,0.143,0],"ix":1},"s":{"a":1,"k":[{"i":{"x":[0.461,0.461,0.667],"y":[1,1,1]},"o":{"x":[0.655,0.655,0.333],"y":[0,0,0]},"t":46,"s":[66,66,100]},{"t":104,"s":[21,21,100]}],"ix":6}},"ao":0,"shapes":[{"ty":"gr","it":[{"ind":0,"ty":"sh","ix":1,"ks":{"a":1,"k":[{"i":{"x":0.252,"y":1},"o":{"x":0.434,"y":0},"t":18,"s":[{"i":[[0,0],[0,0],[0,0],[0,0]],"o":[[0,0],[0,0],[42.684,1.078],[0,0]],"v":[[120.607,218.722],[31.805,211.525],[31.977,211.212],[120.318,218.496]],"c":true}]},{"i":{"x":0.833,"y":1},"o":{"x":0.167,"y":0},"t":46,"s":[{"i":[[0,0],[0,0],[0,0],[0,0]],"o":[[0,0],[0,0],[42.684,1.078],[0,0]],"v":[[-34.128,-218.21],[-119.9,-218.21],[31.977,211.212],[120.318,218.496]],"c":true}]},{"i":{"x":0.833,"y":1},"o":{"x":0.167,"y":0},"t":124,"s":[{"i":[[0,0],[0,0],[0,0],[0,0]],"o":[[0,0],[0,0],[42.684,1.078],[0,0]],"v":[[-34.128,-218.21],[-119.9,-218.21],[31.977,211.212],[120.318,218.496]],"c":true}]},{"t":156,"s":[{"i":[[0,0],[0,0],[0,0],[0,0]],"o":[[0,0],[0,0],[44.422,-6.307],[0,0]],"v":[[-47.223,-218.706],[-102.043,-218.706],[41.501,198.117],[102.46,192.802]],"c":true}]}],"ix":2},"nm":"Path 1","mn":"ADBE Vector Shape - Group","hd":false},{"ty":"fl","c":{"a":0,"k":[0.898039215686,0.035294117647,0.078431372549,1],"ix":4},"o":{"a":0,"k":100,"ix":5},"r":1,"bm":0,"nm":"Fill 1","mn":"ADBE Vector Graphic - Fill","hd":false},{"ty":"tr","p":{"a":0,"k":[0,0],"ix":2},"a":{"a":0,"k":[0,0],"ix":1},"s":{"a":0,"k":[100,100],"ix":3},"r":{"a":0,"k":0,"ix":6},"o":{"a":0,"k":100,"ix":7},"sk":{"a":0,"k":0,"ix":4},"sa":{"a":0,"k":0,"ix":5},"nm":"Transform"}],"nm":"Big N 1","np":2,"cix":2,"bm":0,"ix":1,"mn":"ADBE Vector Group","hd":false}],"ip":0,"op":3868,"st":0,"bm":0},{"ddd":0,"ind":2,"ty":4,"nm":"Big N 2 matte","parent":1,"td":1,"sr":1,"ks":{"o":{"a":1,"k":[{"i":{"x":[0.667],"y":[1]},"o":{"x":[0.333],"y":[0]},"t":0,"s":[0]},{"i":{"x":[0.833],"y":[1]},"o":{"x":[0.333],"y":[0]},"t":10.666,"s":[100]},{"i":{"x":[1],"y":[1]},"o":{"x":[0.612],"y":[0]},"t":114,"s":[100]},{"t":142,"s":[0]}],"ix":11},"r":{"a":0,"k":0,"ix":10},"p":{"a":0,"k":[77.223,0,0],"ix":2},"a":{"a":0,"k":[77.223,0,0],"ix":1},"s":{"a":0,"k":[100,100,100],"ix":6}},"ao":0,"shapes":[{"ty":"gr","it":[{"ind":0,"ty":"sh","ix":1,"ks":{"a":1,"k":[{"i":{"x":0.252,"y":1},"o":{"x":0.434,"y":0},"t":0,"s":[{"i":[[0,0],[0,0],[0,0],[1.198,0]],"o":[[0,0],[0,0],[-0.901,0],[0,0]],"v":[[34.099,-359.119],[120.288,-359.43],[120.49,-359.888],[33.164,-359.117]],"c":true}]},{"i":{"x":0.833,"y":1},"o":{"x":0.167,"y":0},"t":24,"s":[{"i":[[0,0],[0,0],[0,0],[28.673,0.875]],"o":[[0,0],[0,0],[-28.673,-3.601],[0,0]],"v":[[34.128,-218.21],[120.318,-218.521],[120.318,218.521],[34.128,211.337]],"c":true}]},{"i":{"x":0.833,"y":1},"o":{"x":0.167,"y":0},"t":124,"s":[{"i":[[0,0],[0,0],[0,0],[28.673,0.875]],"o":[[0,0],[0,0],[-28.673,-3.601],[0,0]],"v":[[34.128,-218.21],[120.318,-218.521],[120.318,218.521],[34.128,211.337]],"c":true}]},{"t":156,"s":[{"i":[[0,0],[0,0],[0,0],[28.249,-4.53]],"o":[[0,0],[0,0],[-27.545,1.34],[0,0]],"v":[[48.414,-218.706],[114.365,-217.965],[116.869,194.041],[44.408,201.102]],"c":true}]}],"ix":2},"nm":"Path 1","mn":"ADBE Vector Shape - Group","hd":false},{"ty":"fl","c":{"a":0,"k":[0.694117647059,0.023529411765,0.058823529412,1],"ix":4},"o":{"a":0,"k":100,"ix":5},"r":1,"bm":0,"nm":"Fill 1","mn":"ADBE Vector Graphic - Fill","hd":false},{"ty":"tr","p":{"a":0,"k":[0,0],"ix":2},"a":{"a":0,"k":[0,0],"ix":1},"s":{"a":0,"k":[100,100],"ix":3},"r":{"a":0,"k":0,"ix":6},"o":{"a":0,"k":100,"ix":7},"sk":{"a":0,"k":0,"ix":4},"sa":{"a":0,"k":0,"ix":5},"nm":"Transform"}],"nm":"Big N 2","np":2,"cix":2,"bm":0,"ix":1,"mn":"ADBE Vector Group","hd":false}],"ip":0,"op":3868,"st":0,"bm":0},{"ddd":0,"ind":3,"ty":4,"nm":"Big N 1 shadow 2","tt":1,"sr":1,"ks":{"o":{"a":1,"k":[{"i":{"x":[0.667],"y":[1]},"o":{"x":[0.333],"y":[0]},"t":18,"s":[0]},{"i":{"x":[0.833],"y":[1]},"o":{"x":[0.167],"y":[0]},"t":28.666,"s":[100]},{"i":{"x":[1],"y":[1]},"o":{"x":[0.612],"y":[0]},"t":114,"s":[100]},{"t":142,"s":[0]}],"ix":11},"r":{"a":0,"k":0,"ix":10},"p":{"a":1,"k":[{"i":{"x":0.455,"y":1},"o":{"x":0.684,"y":0},"t":104,"s":[256,256,0],"to":[-24.667,0,0],"ti":[24.667,0,0]},{"t":154.74609375,"s":[108,256,0]}],"ix":2},"a":{"a":0,"k":[0.209,0.143,0],"ix":1},"s":{"a":1,"k":[{"i":{"x":[0.461,0.461,0.667],"y":[1,1,1]},"o":{"x":[0.655,0.655,0.333],"y":[0,0,0]},"t":46,"s":[66,66,100]},{"t":104,"s":[21,21,100]}],"ix":6}},"ao":0,"ef":[{"ty":25,"nm":"Drop Shadow","np":8,"mn":"ADBE Drop Shadow","ix":1,"en":1,"ef":[{"ty":2,"nm":"Shadow Color","mn":"ADBE Drop Shadow-0001","ix":1,"v":{"a":0,"k":[0.086274512112,0,0.0074725952,1],"ix":1}},{"ty":0,"nm":"Opacity","mn":"ADBE Drop Shadow-0002","ix":2,"v":{"a":0,"k":178.5,"ix":2}},{"ty":0,"nm":"Direction","mn":"ADBE Drop Shadow-0003","ix":3,"v":{"a":0,"k":0,"ix":3}},{"ty":0,"nm":"Distance","mn":"ADBE Drop Shadow-0004","ix":4,"v":{"a":0,"k":0,"ix":4}},{"ty":0,"nm":"Softness","mn":"ADBE Drop Shadow-0005","ix":5,"v":{"a":0,"k":100,"ix":5}},{"ty":7,"nm":"Shadow Only","mn":"ADBE Drop Shadow-0006","ix":6,"v":{"a":0,"k":0,"ix":6}}]}],"shapes":[{"ty":"gr","it":[{"ind":0,"ty":"sh","ix":1,"ks":{"a":1,"k":[{"i":{"x":0.252,"y":1},"o":{"x":0.434,"y":0},"t":18,"s":[{"i":[[0,0],[0,0],[0,0],[0,0]],"o":[[0,0],[0,0],[42.684,1.078],[0,0]],"v":[[120.607,218.722],[31.805,211.525],[31.977,211.212],[120.318,218.496]],"c":true}]},{"i":{"x":0.833,"y":1},"o":{"x":0.167,"y":0},"t":46,"s":[{"i":[[0,0],[0,0],[0,0],[0,0]],"o":[[0,0],[0,0],[42.684,1.078],[0,0]],"v":[[-34.128,-218.21],[-119.9,-218.21],[31.977,211.212],[120.318,218.496]],"c":true}]},{"i":{"x":0.833,"y":1},"o":{"x":0.167,"y":0},"t":124,"s":[{"i":[[0,0],[0,0],[0,0],[0,0]],"o":[[0,0],[0,0],[42.684,1.078],[0,0]],"v":[[-34.128,-218.21],[-119.9,-218.21],[31.977,211.212],[120.318,218.496]],"c":true}]},{"t":156,"s":[{"i":[[0,0],[0,0],[0,0],[0,0]],"o":[[0,0],[0,0],[44.422,-6.307],[0,0]],"v":[[-47.223,-218.706],[-102.043,-218.706],[41.501,198.117],[102.46,192.802]],"c":true}]}],"ix":2},"nm":"Path 1","mn":"ADBE Vector Shape - Group","hd":false},{"ty":"fl","c":{"a":0,"k":[0.898039215686,0.035294117647,0.078431372549,1],"ix":4},"o":{"a":0,"k":100,"ix":5},"r":1,"bm":0,"nm":"Fill 1","mn":"ADBE Vector Graphic - Fill","hd":false},{"ty":"tr","p":{"a":0,"k":[0,0],"ix":2},"a":{"a":0,"k":[0,0],"ix":1},"s":{"a":0,"k":[100,100],"ix":3},"r":{"a":0,"k":0,"ix":6},"o":{"a":0,"k":100,"ix":7},"sk":{"a":0,"k":0,"ix":4},"sa":{"a":0,"k":0,"ix":5},"nm":"Transform"}],"nm":"Big N 1","np":2,"cix":2,"bm":0,"ix":1,"mn":"ADBE Vector Group","hd":false},{"ty":"gr","it":[{"ty":"tr","p":{"a":0,"k":[0,0],"ix":2},"a":{"a":0,"k":[0,0],"ix":1},"s":{"a":0,"k":[100,100],"ix":3},"r":{"a":0,"k":0,"ix":6},"o":{"a":0,"k":100,"ix":7},"sk":{"a":0,"k":0,"ix":4},"sa":{"a":0,"k":0,"ix":5},"nm":"Transform"}],"nm":"Group 1","np":0,"cix":2,"bm":0,"ix":2,"mn":"ADBE Vector Group","hd":false}],"ip":0,"op":3868,"st":0,"bm":0},{"ddd":0,"ind":4,"ty":4,"nm":"Big N 2","parent":1,"sr":1,"ks":{"o":{"a":1,"k":[{"i":{"x":[0.667],"y":[1]},"o":{"x":[0.333],"y":[0]},"t":0,"s":[0]},{"i":{"x":[0.833],"y":[1]},"o":{"x":[0.333],"y":[0]},"t":10.666,"s":[100]},{"i":{"x":[1],"y":[1]},"o":{"x":[0.612],"y":[0]},"t":114,"s":[100]},{"t":142,"s":[0]}],"ix":11},"r":{"a":0,"k":0,"ix":10},"p":{"a":0,"k":[77.223,0,0],"ix":2},"a":{"a":0,"k":[77.223,0,0],"ix":1},"s":{"a":0,"k":[100,100,100],"ix":6}},"ao":0,"shapes":[{"ty":"gr","it":[{"ind":0,"ty":"sh","ix":1,"ks":{"a":1,"k":[{"i":{"x":0.252,"y":1},"o":{"x":0.434,"y":0},"t":0,"s":[{"i":[[0,0],[0,0],[0,0],[1.198,0]],"o":[[0,0],[0,0],[-0.901,0],[0,0]],"v":[[34.099,-359.119],[120.288,-359.43],[120.49,-359.888],[33.164,-359.117]],"c":true}]},{"i":{"x":0.833,"y":1},"o":{"x":0.167,"y":0},"t":24,"s":[{"i":[[0,0],[0,0],[0,0],[28.673,0.875]],"o":[[0,0],[0,0],[-28.673,-3.601],[0,0]],"v":[[34.128,-218.21],[120.318,-218.521],[120.318,218.521],[34.128,211.337]],"c":true}]},{"i":{"x":0.833,"y":1},"o":{"x":0.167,"y":0},"t":124,"s":[{"i":[[0,0],[0,0],[0,0],[28.673,0.875]],"o":[[0,0],[0,0],[-28.673,-3.601],[0,0]],"v":[[34.128,-218.21],[120.318,-218.521],[120.318,218.521],[34.128,211.337]],"c":true}]},{"t":156,"s":[{"i":[[0,0],[0,0],[0,0],[28.249,-4.53]],"o":[[0,0],[0,0],[-27.545,1.34],[0,0]],"v":[[48.414,-218.706],[114.365,-217.965],[116.869,194.041],[44.408,201.102]],"c":true}]}],"ix":2},"nm":"Path 1","mn":"ADBE Vector Shape - Group","hd":false},{"ty":"fl","c":{"a":0,"k":[0.694117647059,0.023529411765,0.058823529412,1],"ix":4},"o":{"a":0,"k":100,"ix":5},"r":1,"bm":0,"nm":"Fill 1","mn":"ADBE Vector Graphic - Fill","hd":false},{"ty":"tr","p":{"a":0,"k":[0,0],"ix":2},"a":{"a":0,"k":[0,0],"ix":1},"s":{"a":0,"k":[100,100],"ix":3},"r":{"a":0,"k":0,"ix":6},"o":{"a":0,"k":100,"ix":7},"sk":{"a":0,"k":0,"ix":4},"sa":{"a":0,"k":0,"ix":5},"nm":"Transform"}],"nm":"Big N 2","np":2,"cix":2,"bm":0,"ix":1,"mn":"ADBE Vector Group","hd":false}],"ip":0,"op":3868,"st":0,"bm":0},{"ddd":0,"ind":5,"ty":4,"nm":"Big N 3 matte","parent":1,"td":1,"sr":1,"ks":{"o":{"a":1,"k":[{"i":{"x":[0.667],"y":[1]},"o":{"x":[0.333],"y":[0]},"t":38,"s":[0]},{"i":{"x":[0.833],"y":[1]},"o":{"x":[0.167],"y":[0]},"t":48.666,"s":[100]},{"i":{"x":[1],"y":[1]},"o":{"x":[0.612],"y":[0]},"t":114,"s":[100]},{"t":142,"s":[0]}],"ix":11},"r":{"a":0,"k":0,"ix":10},"p":{"a":0,"k":[-77.223,0,0],"ix":2},"a":{"a":0,"k":[-77.223,0,0],"ix":1},"s":{"a":0,"k":[100,100,100],"ix":6}},"ao":0,"shapes":[{"ty":"gr","it":[{"ind":0,"ty":"sh","ix":1,"ks":{"a":1,"k":[{"i":{"x":0.252,"y":1},"o":{"x":0.434,"y":0},"t":38,"s":[{"i":[[0,0],[0,0],[0,0],[0,1.089]],"o":[[0,0],[0,0],[26.294,0.724],[0,0]],"v":[[-34.128,-218.21],[-120.318,-218.521],[-120.72,-218.979],[-34.705,-218.587]],"c":true}]},{"i":{"x":0.833,"y":1},"o":{"x":0.167,"y":0},"t":60,"s":[{"i":[[0,0],[0,0],[0,0],[-28.673,0.875]],"o":[[0,0],[0,0],[28.673,-3.601],[0,0]],"v":[[-34.128,-218.21],[-120.318,-218.521],[-120.318,218.521],[-34.128,211.337]],"c":true}]},{"i":{"x":0.833,"y":1},"o":{"x":0.167,"y":0},"t":124,"s":[{"i":[[0,0],[0,0],[0,0],[-28.673,0.875]],"o":[[0,0],[0,0],[28.673,-3.601],[0,0]],"v":[[-34.128,-218.21],[-120.318,-218.521],[-120.318,218.521],[-34.128,211.337]],"c":true}]},{"t":156,"s":[{"i":[[0,0],[0,0],[0,0],[-28.758,-0.959]],"o":[[0,0],[0,0],[28.673,-3.601],[0,0]],"v":[[-43.652,-218.74],[-106.032,-218.137],[-106.032,217.33],[-37.7,211.816]],"c":true}]}],"ix":2},"nm":"Path 1","mn":"ADBE Vector Shape - Group","hd":false},{"ty":"fl","c":{"a":0,"k":[0.694117647059,0.023529411765,0.058823529412,1],"ix":4},"o":{"a":0,"k":100,"ix":5},"r":1,"bm":0,"nm":"Fill 1","mn":"ADBE Vector Graphic - Fill","hd":false},{"ty":"tr","p":{"a":0,"k":[0,0],"ix":2},"a":{"a":0,"k":[0,0],"ix":1},"s":{"a":0,"k":[100,100],"ix":3},"r":{"a":0,"k":0,"ix":6},"o":{"a":0,"k":100,"ix":7},"sk":{"a":0,"k":0,"ix":4},"sa":{"a":0,"k":0,"ix":5},"nm":"Transform"}],"nm":"Big N 3","np":2,"cix":2,"bm":0,"ix":1,"mn":"ADBE Vector Group","hd":false}],"ip":0,"op":3868,"st":0,"bm":0},{"ddd":0,"ind":6,"ty":4,"nm":"Big N 1 shadow","tt":1,"sr":1,"ks":{"o":{"a":1,"k":[{"i":{"x":[0.667],"y":[1]},"o":{"x":[0.333],"y":[0]},"t":18,"s":[0]},{"i":{"x":[0.833],"y":[1]},"o":{"x":[0.167],"y":[0]},"t":28.666,"s":[100]},{"i":{"x":[1],"y":[1]},"o":{"x":[0.612],"y":[0]},"t":114,"s":[100]},{"t":142,"s":[0]}],"ix":11},"r":{"a":0,"k":0,"ix":10},"p":{"a":1,"k":[{"i":{"x":0.455,"y":1},"o":{"x":0.684,"y":0},"t":104,"s":[256,256,0],"to":[-24.667,0,0],"ti":[24.667,0,0]},{"t":154.74609375,"s":[108,256,0]}],"ix":2},"a":{"a":0,"k":[0.209,0.143,0],"ix":1},"s":{"a":1,"k":[{"i":{"x":[0.461,0.461,0.667],"y":[1,1,1]},"o":{"x":[0.655,0.655,0.333],"y":[0,0,0]},"t":46,"s":[66,66,100]},{"t":104,"s":[21,21,100]}],"ix":6}},"ao":0,"ef":[{"ty":25,"nm":"Drop Shadow","np":8,"mn":"ADBE Drop Shadow","ix":1,"en":1,"ef":[{"ty":2,"nm":"Shadow Color","mn":"ADBE Drop Shadow-0001","ix":1,"v":{"a":0,"k":[0.086274512112,0,0.0074725952,1],"ix":1}},{"ty":0,"nm":"Opacity","mn":"ADBE Drop Shadow-0002","ix":2,"v":{"a":0,"k":178.5,"ix":2}},{"ty":0,"nm":"Direction","mn":"ADBE Drop Shadow-0003","ix":3,"v":{"a":0,"k":0,"ix":3}},{"ty":0,"nm":"Distance","mn":"ADBE Drop Shadow-0004","ix":4,"v":{"a":0,"k":0,"ix":4}},{"ty":0,"nm":"Softness","mn":"ADBE Drop Shadow-0005","ix":5,"v":{"a":0,"k":100,"ix":5}},{"ty":7,"nm":"Shadow Only","mn":"ADBE Drop Shadow-0006","ix":6,"v":{"a":0,"k":0,"ix":6}}]}],"shapes":[{"ty":"gr","it":[{"ind":0,"ty":"sh","ix":1,"ks":{"a":1,"k":[{"i":{"x":0.252,"y":1},"o":{"x":0.434,"y":0},"t":18,"s":[{"i":[[0,0],[0,0],[0,0],[0,0]],"o":[[0,0],[0,0],[42.684,1.078],[0,0]],"v":[[120.607,218.722],[31.805,211.525],[31.977,211.212],[120.318,218.496]],"c":true}]},{"i":{"x":0.833,"y":1},"o":{"x":0.167,"y":0},"t":46,"s":[{"i":[[0,0],[0,0],[0,0],[0,0]],"o":[[0,0],[0,0],[42.684,1.078],[0,0]],"v":[[-34.128,-218.21],[-119.9,-218.21],[31.977,211.212],[120.318,218.496]],"c":true}]},{"i":{"x":0.833,"y":1},"o":{"x":0.167,"y":0},"t":124,"s":[{"i":[[0,0],[0,0],[0,0],[0,0]],"o":[[0,0],[0,0],[42.684,1.078],[0,0]],"v":[[-34.128,-218.21],[-119.9,-218.21],[31.977,211.212],[120.318,218.496]],"c":true}]},{"t":156,"s":[{"i":[[0,0],[0,0],[0,0],[0,0]],"o":[[0,0],[0,0],[44.422,-6.307],[0,0]],"v":[[-47.223,-218.706],[-102.043,-218.706],[41.501,198.117],[102.46,192.802]],"c":true}]}],"ix":2},"nm":"Path 1","mn":"ADBE Vector Shape - Group","hd":false},{"ty":"fl","c":{"a":0,"k":[0.898039215686,0.035294117647,0.078431372549,1],"ix":4},"o":{"a":0,"k":100,"ix":5},"r":1,"bm":0,"nm":"Fill 1","mn":"ADBE Vector Graphic - Fill","hd":false},{"ty":"tr","p":{"a":0,"k":[0,0],"ix":2},"a":{"a":0,"k":[0,0],"ix":1},"s":{"a":0,"k":[100,100],"ix":3},"r":{"a":0,"k":0,"ix":6},"o":{"a":0,"k":100,"ix":7},"sk":{"a":0,"k":0,"ix":4},"sa":{"a":0,"k":0,"ix":5},"nm":"Transform"}],"nm":"Big N 1","np":2,"cix":2,"bm":0,"ix":1,"mn":"ADBE Vector Group","hd":false}],"ip":0,"op":3868,"st":0,"bm":0},{"ddd":0,"ind":7,"ty":4,"nm":"Big N 3","parent":1,"sr":1,"ks":{"o":{"a":1,"k":[{"i":{"x":[0.667],"y":[1]},"o":{"x":[0.333],"y":[0]},"t":38,"s":[0]},{"i":{"x":[0.833],"y":[1]},"o":{"x":[0.167],"y":[0]},"t":48.666,"s":[100]},{"i":{"x":[1],"y":[1]},"o":{"x":[0.612],"y":[0]},"t":114,"s":[100]},{"t":142,"s":[0]}],"ix":11},"r":{"a":0,"k":0,"ix":10},"p":{"a":0,"k":[-77.223,0,0],"ix":2},"a":{"a":0,"k":[-77.223,0,0],"ix":1},"s":{"a":0,"k":[100,100,100],"ix":6}},"ao":0,"shapes":[{"ty":"gr","it":[{"ind":0,"ty":"sh","ix":1,"ks":{"a":1,"k":[{"i":{"x":0.252,"y":1},"o":{"x":0.434,"y":0},"t":38,"s":[{"i":[[0,0],[0,0],[0,0],[0,1.089]],"o":[[0,0],[0,0],[26.294,0.724],[0,0]],"v":[[-34.128,-218.21],[-120.318,-218.521],[-120.72,-218.979],[-34.705,-218.587]],"c":true}]},{"i":{"x":0.833,"y":1},"o":{"x":0.167,"y":0},"t":60,"s":[{"i":[[0,0],[0,0],[0,0],[-28.673,0.875]],"o":[[0,0],[0,0],[28.673,-3.601],[0,0]],"v":[[-34.128,-218.21],[-120.318,-218.521],[-120.318,218.521],[-34.128,211.337]],"c":true}]},{"i":{"x":0.833,"y":1},"o":{"x":0.167,"y":0},"t":124,"s":[{"i":[[0,0],[0,0],[0,0],[-28.673,0.875]],"o":[[0,0],[0,0],[28.673,-3.601],[0,0]],"v":[[-34.128,-218.21],[-120.318,-218.521],[-120.318,218.521],[-34.128,211.337]],"c":true}]},{"t":156,"s":[{"i":[[0,0],[0,0],[0,0],[-28.758,-0.959]],"o":[[0,0],[0,0],[28.673,-3.601],[0,0]],"v":[[-43.652,-218.74],[-106.032,-218.137],[-106.032,217.33],[-37.7,211.816]],"c":true}]}],"ix":2},"nm":"Path 1","mn":"ADBE Vector Shape - Group","hd":false},{"ty":"fl","c":{"a":0,"k":[0.694117647059,0.023529411765,0.058823529412,1],"ix":4},"o":{"a":0,"k":100,"ix":5},"r":1,"bm":0,"nm":"Fill 1","mn":"ADBE Vector Graphic - Fill","hd":false},{"ty":"tr","p":{"a":0,"k":[0,0],"ix":2},"a":{"a":0,"k":[0,0],"ix":1},"s":{"a":0,"k":[100,100],"ix":3},"r":{"a":0,"k":0,"ix":6},"o":{"a":0,"k":100,"ix":7},"sk":{"a":0,"k":0,"ix":4},"sa":{"a":0,"k":0,"ix":5},"nm":"Transform"}],"nm":"Big N 3","np":2,"cix":2,"bm":0,"ix":1,"mn":"ADBE Vector Group","hd":false}],"ip":0,"op":3868,"st":0,"bm":0},{"ddd":0,"ind":8,"ty":4,"nm":"Netflix reveal","parent":9,"td":1,"sr":1,"ks":{"o":{"a":0,"k":100,"ix":11},"r":{"a":0,"k":0,"ix":10},"p":{"a":0,"k":[0,0,0],"ix":2},"a":{"a":0,"k":[0,0,0],"ix":1},"s":{"a":0,"k":[100,100,100],"ix":6}},"ao":0,"shapes":[{"ty":"gr","it":[{"ty":"gr","it":[{"ind":0,"ty":"sh","ix":1,"ks":{"a":1,"k":[{"i":{"x":0.715,"y":1},"o":{"x":0.414,"y":0},"t":206.207,"s":[{"i":[[0,0],[0,0]],"o":[[0,0],[0,0]],"v":[[166,-55],[165,-52]],"c":false}]},{"t":220,"s":[{"i":[[0,0],[0,0]],"o":[[0,0],[0,0]],"v":[[164,-51],[125,45.5]],"c":false}]}],"ix":2},"nm":"Path 1","mn":"ADBE Vector Shape - Group","hd":false},{"ty":"st","c":{"a":0,"k":[1,1,1,1],"ix":3},"o":{"a":0,"k":100,"ix":4},"w":{"a":0,"k":20,"ix":5},"lc":1,"lj":1,"ml":4,"bm":0,"nm":"Stroke 1","mn":"ADBE Vector Graphic - Stroke","hd":false},{"ty":"tr","p":{"a":0,"k":[0,0],"ix":2},"a":{"a":0,"k":[0,0],"ix":1},"s":{"a":0,"k":[100,100],"ix":3},"r":{"a":0,"k":0,"ix":6},"o":{"a":0,"k":100,"ix":7},"sk":{"a":0,"k":0,"ix":4},"sa":{"a":0,"k":0,"ix":5},"nm":"Transform"}],"nm":"Shape 2","np":3,"cix":2,"bm":0,"ix":1,"mn":"ADBE Vector Group","hd":false},{"ty":"gr","it":[{"ind":0,"ty":"sh","ix":1,"ks":{"a":1,"k":[{"i":{"x":0.715,"y":1},"o":{"x":0.414,"y":0},"t":200.297,"s":[{"i":[[0,0],[0,0]],"o":[[0,0],[0,0]],"v":[[125,-54.5],[125,-52]],"c":false}]},{"t":214.08984375,"s":[{"i":[[0,0],[0,0]],"o":[[0,0],[0,0]],"v":[[126.5,-52],[164,50]],"c":false}]}],"ix":2},"nm":"Path 1","mn":"ADBE Vector Shape - Group","hd":false},{"ty":"st","c":{"a":0,"k":[1,1,1,1],"ix":3},"o":{"a":0,"k":100,"ix":4},"w":{"a":0,"k":20,"ix":5},"lc":1,"lj":1,"ml":4,"bm":0,"nm":"Stroke 1","mn":"ADBE Vector Graphic - Stroke","hd":false},{"ty":"tr","p":{"a":0,"k":[0,0],"ix":2},"a":{"a":0,"k":[0,0],"ix":1},"s":{"a":0,"k":[100,100],"ix":3},"r":{"a":0,"k":0,"ix":6},"o":{"a":0,"k":100,"ix":7},"sk":{"a":0,"k":0,"ix":4},"sa":{"a":0,"k":0,"ix":5},"nm":"Transform"}],"nm":"Shape 1","np":3,"cix":2,"bm":0,"ix":2,"mn":"ADBE Vector Group","hd":false},{"ty":"tr","p":{"a":0,"k":[144.5,-1],"ix":2},"a":{"a":0,"k":[144.5,-1],"ix":1},"s":{"a":0,"k":[100,100],"ix":3},"r":{"a":0,"k":0,"ix":6},"o":{"a":0,"k":100,"ix":7},"sk":{"a":0,"k":0,"ix":4},"sa":{"a":0,"k":0,"ix":5},"nm":"Transform"}],"nm":"X","np":2,"cix":2,"bm":0,"ix":1,"mn":"ADBE Vector Group","hd":false},{"ty":"gr","it":[{"ind":0,"ty":"sh","ix":1,"ks":{"a":1,"k":[{"i":{"x":0.715,"y":1},"o":{"x":0.414,"y":0},"t":186.271,"s":[{"i":[[0,0],[0,0]],"o":[[0,0],[0,0]],"v":[[100,-51],[100,-48]],"c":false}]},{"t":198.09375,"s":[{"i":[[0,0],[0,0]],"o":[[0,0],[0,0]],"v":[[100,-47],[100,42]],"c":false}]}],"ix":2},"nm":"Path 1","mn":"ADBE Vector Shape - Group","hd":false},{"ty":"st","c":{"a":0,"k":[1,1,1,1],"ix":3},"o":{"a":0,"k":100,"ix":4},"w":{"a":0,"k":20,"ix":5},"lc":1,"lj":1,"ml":4,"bm":0,"nm":"Stroke 1","mn":"ADBE Vector Graphic - Stroke","hd":false},{"ty":"tr","p":{"a":0,"k":[0,0],"ix":2},"a":{"a":0,"k":[0,0],"ix":1},"s":{"a":0,"k":[100,100],"ix":3},"r":{"a":0,"k":0,"ix":6},"o":{"a":0,"k":100,"ix":7},"sk":{"a":0,"k":0,"ix":4},"sa":{"a":0,"k":0,"ix":5},"nm":"Transform"}],"nm":"I","np":3,"cix":2,"bm":0,"ix":2,"mn":"ADBE Vector Group","hd":false},{"ty":"gr","it":[{"ty":"gr","it":[{"ind":0,"ty":"sh","ix":1,"ks":{"a":1,"k":[{"i":{"x":0.715,"y":1},"o":{"x":0.414,"y":0},"t":175.586,"s":[{"i":[[0,0],[0,0]],"o":[[0,0],[0,0]],"v":[[37,29],[40.5,29]],"c":false}]},{"t":189.37890625,"s":[{"i":[[0,0],[0,0]],"o":[[0,0],[0,0]],"v":[[37,29],[83.5,28.5]],"c":false}]}],"ix":2},"nm":"Path 1","mn":"ADBE Vector Shape - Group","hd":false},{"ty":"st","c":{"a":0,"k":[1,1,1,1],"ix":3},"o":{"a":0,"k":100,"ix":4},"w":{"a":0,"k":20,"ix":5},"lc":1,"lj":1,"ml":4,"bm":0,"nm":"Stroke 1","mn":"ADBE Vector Graphic - Stroke","hd":false},{"ty":"tr","p":{"a":0,"k":[0,0],"ix":2},"a":{"a":0,"k":[0,0],"ix":1},"s":{"a":0,"k":[100,100],"ix":3},"r":{"a":0,"k":0,"ix":6},"o":{"a":0,"k":100,"ix":7},"sk":{"a":0,"k":0,"ix":4},"sa":{"a":0,"k":0,"ix":5},"nm":"Transform"}],"nm":"L 2","np":3,"cix":2,"bm":0,"ix":1,"mn":"ADBE Vector Group","hd":false},{"ty":"gr","it":[{"ind":0,"ty":"sh","ix":1,"ks":{"a":1,"k":[{"i":{"x":0.715,"y":1},"o":{"x":0.414,"y":0},"t":171.645,"s":[{"i":[[0,0],[0,0]],"o":[[0,0],[0,0]],"v":[[49,-50.5],[49,-48.5]],"c":true}]},{"t":185.4375,"s":[{"i":[[0,0],[0,0]],"o":[[0,0],[0,0]],"v":[[49,-47.5],[49.5,38]],"c":false}]}],"ix":2},"nm":"Path 1","mn":"ADBE Vector Shape - Group","hd":false},{"ty":"st","c":{"a":0,"k":[1,1,1,1],"ix":3},"o":{"a":0,"k":100,"ix":4},"w":{"a":0,"k":20,"ix":5},"lc":1,"lj":1,"ml":4,"bm":0,"nm":"Stroke 1","mn":"ADBE Vector Graphic - Stroke","hd":false},{"ty":"tr","p":{"a":0,"k":[0,0],"ix":2},"a":{"a":0,"k":[0,0],"ix":1},"s":{"a":0,"k":[100,100],"ix":3},"r":{"a":0,"k":0,"ix":6},"o":{"a":0,"k":100,"ix":7},"sk":{"a":0,"k":0,"ix":4},"sa":{"a":0,"k":0,"ix":5},"nm":"Transform"}],"nm":"L1","np":3,"cix":2,"bm":0,"ix":2,"mn":"ADBE Vector Group","hd":false},{"ty":"tr","p":{"a":0,"k":[60.25,-4.75],"ix":2},"a":{"a":0,"k":[60.25,-4.75],"ix":1},"s":{"a":0,"k":[100,100],"ix":3},"r":{"a":0,"k":0,"ix":6},"o":{"a":0,"k":100,"ix":7},"sk":{"a":0,"k":0,"ix":4},"sa":{"a":0,"k":0,"ix":5},"nm":"Transform"}],"nm":"L","np":2,"cix":2,"bm":0,"ix":3,"mn":"ADBE Vector Group","hd":false},{"ty":"gr","it":[{"ty":"gr","it":[{"ind":0,"ty":"sh","ix":1,"ks":{"a":1,"k":[{"i":{"x":0.715,"y":1},"o":{"x":0.414,"y":0},"t":159.992,"s":[{"i":[[0,0],[0,0]],"o":[[0,0],[0,0]],"v":[[-9.5,-7.5],[-11.5,-7.5]],"c":false}]},{"t":175.75390625,"s":[{"i":[[0,0],[0,0]],"o":[[0,0],[0,0]],"v":[[28,-7.5],[-9.5,-7.5]],"c":false}]}],"ix":2},"nm":"Path 1","mn":"ADBE Vector Shape - Group","hd":false},{"ty":"st","c":{"a":0,"k":[1,1,1,1],"ix":3},"o":{"a":0,"k":100,"ix":4},"w":{"a":0,"k":20,"ix":5},"lc":1,"lj":1,"ml":4,"bm":0,"nm":"Stroke 1","mn":"ADBE Vector Graphic - Stroke","hd":false},{"ty":"tr","p":{"a":0,"k":[0,0],"ix":2},"a":{"a":0,"k":[0,0],"ix":1},"s":{"a":0,"k":[100,100],"ix":3},"r":{"a":0,"k":0,"ix":6},"o":{"a":0,"k":100,"ix":7},"sk":{"a":0,"k":0,"ix":4},"sa":{"a":0,"k":0,"ix":5},"nm":"Transform"}],"nm":"Shape 2","np":3,"cix":2,"bm":0,"ix":1,"mn":"ADBE Vector Group","hd":false},{"ty":"gr","it":[{"ind":0,"ty":"sh","ix":1,"ks":{"a":1,"k":[{"i":{"x":0.715,"y":1},"o":{"x":0.414,"y":0},"t":154.08,"s":[{"i":[[0,0],[0,0]],"o":[[0,0],[0,0]],"v":[[0.5,-50],[0.5,-48]],"c":false}]},{"t":169.84375,"s":[{"i":[[0,0],[0,0]],"o":[[0,0],[0,0]],"v":[[0.5,-48],[0,37]],"c":false}]}],"ix":2},"nm":"Path 1","mn":"ADBE Vector Shape - Group","hd":false},{"ty":"st","c":{"a":0,"k":[1,1,1,1],"ix":3},"o":{"a":0,"k":100,"ix":4},"w":{"a":0,"k":20,"ix":5},"lc":1,"lj":1,"ml":4,"bm":0,"nm":"Stroke 1","mn":"ADBE Vector Graphic - Stroke","hd":false},{"ty":"tr","p":{"a":0,"k":[0,0],"ix":2},"a":{"a":0,"k":[0,0],"ix":1},"s":{"a":0,"k":[100,100],"ix":3},"r":{"a":0,"k":0,"ix":6},"o":{"a":0,"k":100,"ix":7},"sk":{"a":0,"k":0,"ix":4},"sa":{"a":0,"k":0,"ix":5},"nm":"Transform"}],"nm":"Shape 3","np":3,"cix":2,"bm":0,"ix":2,"mn":"ADBE Vector Group","hd":false},{"ty":"gr","it":[{"ind":0,"ty":"sh","ix":1,"ks":{"a":1,"k":[{"i":{"x":0.715,"y":1},"o":{"x":0.414,"y":0},"t":145.266,"s":[{"i":[[0,0],[0,0]],"o":[[0,0],[0,0]],"v":[[-10.5,-39.5],[-12,-39.5]],"c":false}]},{"t":160.693359375,"s":[{"i":[[0,0],[0,0]],"o":[[0,0],[0,0]],"v":[[36,-39.5],[-9,-39.5]],"c":false}]}],"ix":2},"nm":"Path 1","mn":"ADBE Vector Shape - Group","hd":false},{"ty":"st","c":{"a":0,"k":[1,1,1,1],"ix":3},"o":{"a":0,"k":100,"ix":4},"w":{"a":0,"k":20,"ix":5},"lc":1,"lj":1,"ml":4,"bm":0,"nm":"Stroke 1","mn":"ADBE Vector Graphic - Stroke","hd":false},{"ty":"tr","p":{"a":0,"k":[0,0],"ix":2},"a":{"a":0,"k":[0,0],"ix":1},"s":{"a":0,"k":[100,100],"ix":3},"r":{"a":0,"k":0,"ix":6},"o":{"a":0,"k":100,"ix":7},"sk":{"a":0,"k":0,"ix":4},"sa":{"a":0,"k":0,"ix":5},"nm":"Transform"}],"nm":"Shape 1","np":3,"cix":2,"bm":0,"ix":3,"mn":"ADBE Vector Group","hd":false},{"ty":"tr","p":{"a":0,"k":[13.25,-5.5],"ix":2},"a":{"a":0,"k":[13.25,-5.5],"ix":1},"s":{"a":0,"k":[100,100],"ix":3},"r":{"a":0,"k":0,"ix":6},"o":{"a":0,"k":100,"ix":7},"sk":{"a":0,"k":0,"ix":4},"sa":{"a":0,"k":0,"ix":5},"nm":"Transform"}],"nm":"F","np":3,"cix":2,"bm":0,"ix":4,"mn":"ADBE Vector Group","hd":false},{"ty":"gr","it":[{"ty":"gr","it":[{"ind":0,"ty":"sh","ix":1,"ks":{"a":1,"k":[{"i":{"x":0.715,"y":1},"o":{"x":0.414,"y":0},"t":136.115,"s":[{"i":[[0,0],[0,0]],"o":[[0,0],[0,0]],"v":[[-40.5,-54],[-40.5,-49.5]],"c":false}]},{"t":151.876953125,"s":[{"i":[[0,0],[0,0]],"o":[[0,0],[0,0]],"v":[[-38.5,-45.5],[-39,38.5]],"c":false}]}],"ix":2},"nm":"Path 1","mn":"ADBE Vector Shape - Group","hd":false},{"ty":"st","c":{"a":0,"k":[1,1,1,1],"ix":3},"o":{"a":0,"k":100,"ix":4},"w":{"a":0,"k":20,"ix":5},"lc":1,"lj":1,"ml":4,"bm":0,"nm":"Stroke 1","mn":"ADBE Vector Graphic - Stroke","hd":false},{"ty":"tr","p":{"a":0,"k":[0,0],"ix":2},"a":{"a":0,"k":[0,0],"ix":1},"s":{"a":0,"k":[100,100],"ix":3},"r":{"a":0,"k":0,"ix":6},"o":{"a":0,"k":100,"ix":7},"sk":{"a":0,"k":0,"ix":4},"sa":{"a":0,"k":0,"ix":5},"nm":"Transform"}],"nm":"Shape 2","np":3,"cix":2,"bm":0,"ix":1,"mn":"ADBE Vector Group","hd":false},{"ty":"gr","it":[{"ind":0,"ty":"sh","ix":1,"ks":{"a":1,"k":[{"i":{"x":0.715,"y":1},"o":{"x":0.414,"y":0},"t":132.174,"s":[{"i":[[0,0],[0,0]],"o":[[0,0],[0,0]],"v":[[-62.5,-38.5],[-66,-38.5]],"c":false}]},{"t":147.9375,"s":[{"i":[[0,0],[0,0]],"o":[[0,0],[0,0]],"v":[[-14.5,-40.5],[-63.5,-38.5]],"c":false}]}],"ix":2},"nm":"Path 1","mn":"ADBE Vector Shape - Group","hd":false},{"ty":"st","c":{"a":0,"k":[1,1,1,1],"ix":3},"o":{"a":0,"k":100,"ix":4},"w":{"a":0,"k":20,"ix":5},"lc":1,"lj":1,"ml":4,"bm":0,"nm":"Stroke 1","mn":"ADBE Vector Graphic - Stroke","hd":false},{"ty":"tr","p":{"a":0,"k":[0,0],"ix":2},"a":{"a":0,"k":[0,0],"ix":1},"s":{"a":0,"k":[100,100],"ix":3},"r":{"a":0,"k":0,"ix":6},"o":{"a":0,"k":100,"ix":7},"sk":{"a":0,"k":0,"ix":4},"sa":{"a":0,"k":0,"ix":5},"nm":"Transform"}],"nm":"Shape 1","np":3,"cix":2,"bm":0,"ix":2,"mn":"ADBE Vector Group","hd":false},{"ty":"tr","p":{"a":0,"k":[-39,-3.5],"ix":2},"a":{"a":0,"k":[-39,-3.5],"ix":1},"s":{"a":0,"k":[100,100],"ix":3},"r":{"a":0,"k":0,"ix":6},"o":{"a":0,"k":100,"ix":7},"sk":{"a":0,"k":0,"ix":4},"sa":{"a":0,"k":0,"ix":5},"nm":"Transform"}],"nm":"T","np":2,"cix":2,"bm":0,"ix":5,"mn":"ADBE Vector Group","hd":false},{"ty":"gr","it":[{"ty":"gr","it":[{"ind":0,"ty":"sh","ix":1,"ks":{"a":1,"k":[{"i":{"x":0.715,"y":1},"o":{"x":0.414,"y":0},"t":127.73,"s":[{"i":[[0,0],[0,0]],"o":[[0,0],[0,0]],"v":[[-114,32.5],[-119,32.5]],"c":false}]},{"t":147.435546875,"s":[{"i":[[0,0],[0,0]],"o":[[0,0],[0,0]],"v":[[-67.5,29],[-112,32.5]],"c":false}]}],"ix":2},"nm":"Path 1","mn":"ADBE Vector Shape - Group","hd":false},{"ty":"st","c":{"a":0,"k":[1,1,1,1],"ix":3},"o":{"a":0,"k":100,"ix":4},"w":{"a":0,"k":20,"ix":5},"lc":1,"lj":1,"ml":4,"bm":0,"nm":"Stroke 1","mn":"ADBE Vector Graphic - Stroke","hd":false},{"ty":"tr","p":{"a":0,"k":[0,0],"ix":2},"a":{"a":0,"k":[0,0],"ix":1},"s":{"a":0,"k":[100,100],"ix":3},"r":{"a":0,"k":0,"ix":6},"o":{"a":0,"k":100,"ix":7},"sk":{"a":0,"k":0,"ix":4},"sa":{"a":0,"k":0,"ix":5},"nm":"Transform"}],"nm":"Shape 3","np":3,"cix":2,"bm":0,"ix":1,"mn":"ADBE Vector Group","hd":false},{"ty":"gr","it":[{"ind":0,"ty":"sh","ix":1,"ks":{"a":1,"k":[{"i":{"x":0.715,"y":1},"o":{"x":0.414,"y":0},"t":121.82,"s":[{"i":[[0,0],[0,0]],"o":[[0,0],[0,0]],"v":[[-115,-6.5],[-119.5,-6.5]],"c":true}]},{"t":141.033203125,"s":[{"i":[[0,0],[0,0]],"o":[[0,0],[0,0]],"v":[[-74.5,-6],[-113,-6]],"c":true}]}],"ix":2},"nm":"Path 1","mn":"ADBE Vector Shape - Group","hd":false},{"ty":"st","c":{"a":0,"k":[1,1,1,1],"ix":3},"o":{"a":0,"k":100,"ix":4},"w":{"a":0,"k":20,"ix":5},"lc":1,"lj":1,"ml":4,"bm":0,"nm":"Stroke 1","mn":"ADBE Vector Graphic - Stroke","hd":false},{"ty":"tr","p":{"a":0,"k":[0,0],"ix":2},"a":{"a":0,"k":[0,0],"ix":1},"s":{"a":0,"k":[100,100],"ix":3},"r":{"a":0,"k":0,"ix":6},"o":{"a":0,"k":100,"ix":7},"sk":{"a":0,"k":0,"ix":4},"sa":{"a":0,"k":0,"ix":5},"nm":"Transform"}],"nm":"Shape 2","np":3,"cix":2,"bm":0,"ix":2,"mn":"ADBE Vector Group","hd":false},{"ty":"gr","it":[{"ind":0,"ty":"sh","ix":1,"ks":{"a":1,"k":[{"i":{"x":0.715,"y":1},"o":{"x":0.414,"y":0},"t":117.881,"s":[{"i":[[0,0],[0,0]],"o":[[0,0],[0,0]],"v":[[-103.5,-54.5],[-103.5,-49]],"c":false}]},{"t":137.58203125,"s":[{"i":[[0,0],[0,0]],"o":[[0,0],[0,0]],"v":[[-103.5,-48.5],[-102.5,42]],"c":false}]}],"ix":2},"nm":"Path 1","mn":"ADBE Vector Shape - Group","hd":false},{"ty":"st","c":{"a":0,"k":[1,1,1,1],"ix":3},"o":{"a":0,"k":100,"ix":4},"w":{"a":0,"k":20,"ix":5},"lc":1,"lj":1,"ml":4,"bm":0,"nm":"Stroke 1","mn":"ADBE Vector Graphic - Stroke","hd":false},{"ty":"tr","p":{"a":0,"k":[0,0],"ix":2},"a":{"a":0,"k":[0,0],"ix":1},"s":{"a":0,"k":[100,100],"ix":3},"r":{"a":0,"k":0,"ix":6},"o":{"a":0,"k":100,"ix":7},"sk":{"a":0,"k":0,"ix":4},"sa":{"a":0,"k":0,"ix":5},"nm":"Transform"}],"nm":"Shape 4","np":3,"cix":2,"bm":0,"ix":3,"mn":"ADBE Vector Group","hd":false},{"ty":"gr","it":[{"ind":0,"ty":"sh","ix":1,"ks":{"a":1,"k":[{"i":{"x":0.715,"y":1},"o":{"x":0.414,"y":0},"t":110,"s":[{"i":[[0,0],[0,0]],"o":[[0,0],[0,0]],"v":[[-117,-38],[-120.5,-38]],"c":false}]},{"t":129.2109375,"s":[{"i":[[0,0],[0,0]],"o":[[0,0],[0,0]],"v":[[-68,-38],[-114.5,-38]],"c":false}]}],"ix":2},"nm":"Path 1","mn":"ADBE Vector Shape - Group","hd":false},{"ty":"st","c":{"a":0,"k":[1,1,1,1],"ix":3},"o":{"a":0,"k":100,"ix":4},"w":{"a":0,"k":20,"ix":5},"lc":1,"lj":1,"ml":4,"bm":0,"nm":"Stroke 1","mn":"ADBE Vector Graphic - Stroke","hd":false},{"ty":"tr","p":{"a":0,"k":[0,0],"ix":2},"a":{"a":0,"k":[0,0],"ix":1},"s":{"a":0,"k":[100,100],"ix":3},"r":{"a":0,"k":0,"ix":6},"o":{"a":0,"k":100,"ix":7},"sk":{"a":0,"k":0,"ix":4},"sa":{"a":0,"k":0,"ix":5},"nm":"Transform"}],"nm":"Shape 1","np":3,"cix":2,"bm":0,"ix":4,"mn":"ADBE Vector Group","hd":false},{"ty":"tr","p":{"a":0,"k":[-90,-3.25],"ix":2},"a":{"a":0,"k":[-90,-3.25],"ix":1},"s":{"a":0,"k":[100,100],"ix":3},"r":{"a":0,"k":0,"ix":6},"o":{"a":0,"k":100,"ix":7},"sk":{"a":0,"k":0,"ix":4},"sa":{"a":0,"k":0,"ix":5},"nm":"Transform"}],"nm":"E","np":4,"cix":2,"bm":0,"ix":6,"mn":"ADBE Vector Group","hd":false}],"ip":101,"op":3868,"st":0,"bm":0},{"ddd":0,"ind":9,"ty":4,"nm":"Etflix","tt":1,"sr":1,"ks":{"o":{"a":0,"k":100,"ix":11},"r":{"a":0,"k":0,"ix":10},"p":{"s":true,"x":{"a":1,"k":[{"i":{"x":[0.455],"y":[1]},"o":{"x":[0.684],"y":[0]},"t":104,"s":[402.75]},{"t":154.74609375,"s":[256]}],"ix":3},"y":{"a":0,"k":256,"ix":4}},"a":{"a":0,"k":[0,0,0],"ix":1},"s":{"a":0,"k":[100,100,100],"ix":6}},"ao":0,"shapes":[{"ty":"gr","it":[{"ind":1,"ty":"sh","ix":2,"ks":{"a":0,"k":{"i":[[0,0],[-5.131,0],[0,0],[5.401,-0.27],[0,0],[-8.551,0.27],[0,0],[0,0],[0,0],[0,0],[0,0],[0,0]],"o":[[5.582,0],[0,0],[-6.392,0],[0,0],[8.462,-0.54],[0,0],[0,0],[0,0],[0,0],[0,0],[0,0],[0,0]],"v":[[-95.285,-12.333],[-76.021,-12.603],[-76.021,1.8],[-95.285,2.07],[-95.285,23.495],[-69.81,21.964],[-69.81,35.826],[-109.689,38.978],[-109.689,-46.09],[-69.81,-46.09],[-69.81,-31.687],[-95.285,-31.687]],"c":true},"ix":2},"nm":"Path 2","mn":"ADBE Vector Shape - Group","hd":false},{"ind":2,"ty":"sh","ix":3,"ks":{"a":0,"k":{"i":[[0,0],[0,0],[0,0],[4.68,-0.18],[0,0],[0,0],[0,0],[0,0]],"o":[[0,0],[0,0],[-4.861,0],[0,0],[0,0],[0,0],[0,0],[0,0]],"v":[[-16.249,-31.686],[-31.192,-31.686],[-31.192,34.568],[-45.594,34.747],[-45.594,-31.686],[-60.537,-31.686],[-60.537,-46.09],[-16.248,-46.09]],"c":true},"ix":2},"nm":"Path 3","mn":"ADBE Vector Shape - Group","hd":false},{"ind":3,"ty":"sh","ix":4,"ks":{"a":0,"k":{"i":[[0,0],[0,0],[0,0],[0,0],[0,0],[0,0],[0,0],[0,0],[0,0],[0,0]],"o":[[0,0],[0,0],[0,0],[0,0],[0,0],[0,0],[0,0],[0,0],[0,0],[0,0]],"v":[[7.156,-13.323],[26.871,-13.323],[26.871,1.08],[7.156,1.08],[7.156,33.757],[-6.978,33.757],[-6.978,-46.09],[33.262,-46.09],[33.262,-31.687],[7.156,-31.687]],"c":true},"ix":2},"nm":"Path 4","mn":"ADBE Vector Shape - Group","hd":false},{"ind":4,"ty":"sh","ix":5,"ks":{"a":0,"k":{"i":[[0,0],[-8.012,-0.449],[0,0],[13.143,0.271],[0,0],[0,0]],"o":[[8.192,0.18],[0,0],[-12.873,-0.811],[0,0],[0,0],[0,0]],"v":[[56.667,21.154],[81.152,22.415],[81.152,36.638],[42.264,34.747],[42.264,-46.09],[56.667,-46.09]],"c":true},"ix":2},"nm":"Path 5","mn":"ADBE Vector Shape - Group","hd":false},{"ind":5,"ty":"sh","ix":6,"ks":{"a":0,"k":{"i":[[0,0],[-4.681,-0.539],[0,0],[0,0]],"o":[[4.591,0.27],[0,0],[0,0],[0,0]],"v":[[93.304,37.628],[107.437,38.708],[107.437,-46.09],[93.304,-46.09]],"c":true},"ix":2},"nm":"Path 6","mn":"ADBE Vector Shape - Group","hd":false},{"ind":6,"ty":"sh","ix":7,"ks":{"a":0,"k":{"i":[[0,0],[0,0],[0,0],[5.401,0.9],[0,0],[0,0],[5.22,0.72],[0,0],[0,0],[0,0],[0,0],[0,0]],"o":[[0,0],[0,0],[-5.403,-0.72],[0,0],[0,0],[-5.222,-0.901],[0,0],[0,0],[0,0],[0,0],[0,0],[0,0]],"v":[[170.541,-46.09],[152.267,-2.25],[170.541,46.09],[154.337,43.479],[143.985,16.834],[133.454,41.319],[117.971,39.428],[136.515,-2.791],[119.771,-46.09],[135.253,-46.09],[144.705,-21.875],[154.788,-46.09]],"c":true},"ix":2},"nm":"Path 7","mn":"ADBE Vector Shape - Group","hd":false},{"ty":"fl","c":{"a":0,"k":[0.898039215686,0.035294117647,0.078431372549,1],"ix":4},"o":{"a":0,"k":100,"ix":5},"r":1,"bm":0,"nm":"Fill 1","mn":"ADBE Vector Graphic - Fill","hd":false},{"ty":"tr","p":{"a":0,"k":[0,0],"ix":2},"a":{"a":0,"k":[0,0],"ix":1},"s":{"a":0,"k":[100,100],"ix":3},"r":{"a":0,"k":0,"ix":6},"o":{"a":0,"k":100,"ix":7},"sk":{"a":0,"k":0,"ix":4},"sa":{"a":0,"k":0,"ix":5},"nm":"Transform"}],"nm":"Netflix Wordmark","np":8,"cix":2,"bm":0,"ix":1,"mn":"ADBE Vector Group","hd":false}],"ip":102,"op":3868,"st":0,"bm":0},{"ddd":0,"ind":10,"ty":4,"nm":"Netflix N","sr":1,"ks":{"o":{"a":0,"k":100,"ix":11},"r":{"a":0,"k":0,"ix":10},"p":{"s":true,"x":{"a":1,"k":[{"i":{"x":[0.455],"y":[1]},"o":{"x":[0.684],"y":[0]},"t":104,"s":[402.75]},{"t":154.74609375,"s":[256]}],"ix":3},"y":{"a":0,"k":256,"ix":4}},"a":{"a":0,"k":[0,0,0],"ix":1},"s":{"a":0,"k":[100,100,100],"ix":6}},"ao":0,"shapes":[{"ty":"gr","it":[{"ind":0,"ty":"sh","ix":1,"ks":{"a":0,"k":{"i":[[0,0],[5.401,-0.719],[0,0],[0,0],[4.861,-0.72],[0,0],[0,0],[0,0],[0,0],[0,0]],"o":[[-5.131,0.901],[0,0],[0,0],[-5.131,0.54],[0,0],[0,0],[0,0],[0,0],[0,0],[0,0]],"v":[[-123.641,40.148],[-139.394,42.039],[-155.868,-6.211],[-155.868,44.11],[-170.541,46.09],[-170.541,-46.09],[-156.858,-46.09],[-138.134,6.212],[-138.134,-46.09],[-123.641,-46.09]],"c":true},"ix":2},"nm":"N","mn":"ADBE Vector Shape - Group","hd":false},{"ty":"fl","c":{"a":0,"k":[0.898039215686,0.035294117647,0.078431372549,1],"ix":4},"o":{"a":0,"k":100,"ix":5},"r":1,"bm":0,"nm":"Fill 1","mn":"ADBE Vector Graphic - Fill","hd":false},{"ty":"tr","p":{"a":0,"k":[0,0],"ix":2},"a":{"a":0,"k":[0,0],"ix":1},"s":{"a":0,"k":[100,100],"ix":3},"r":{"a":0,"k":0,"ix":6},"o":{"a":0,"k":100,"ix":7},"sk":{"a":0,"k":0,"ix":4},"sa":{"a":0,"k":0,"ix":5},"nm":"Transform"}],"nm":"Netflix Wordmark","np":2,"cix":2,"bm":0,"ix":1,"mn":"ADBE Vector Group","hd":false}],"ip":102,"op":3868,"st":0,"bm":0}],"markers":[]}